Protein_ID;Gene Name;log2_FC;p_val;p_adj;significant;WT_vs_DPP4_significant;imputed;num_NAs;Protein.Names.x;Protein.Names.y;;;;;WT;175
A0AV96;RBM47;-1.45;1.27E-11;4.88E-10;TRUE;TRUE;FALSE;0;RBM47;RNA-binding protein 47;;;;;DPP4;175
A6NFQ2;TCAF2;-1.59;1.58E-12;8.09E-11;TRUE;TRUE;FALSE;0;TCAF2;TRPM8 channel-associated factor 2;;;;;;350
B7ZBB8;PPP1R3G;-1.25;1.52E-05;0.000104;TRUE;TRUE;TRUE;8;PP13G;Protein phosphatase 1 regulatory subunit 3G;;;;;;
C4AMC7;WASH3P;1.26;1.70E-08;2.51E-07;TRUE;TRUE;FALSE;0;WASH3;Putative WAS protein family homolog 3;;;;;;
O00115;DNASE2;-1.04;1.64E-05;0.000112;TRUE;TRUE;FALSE;0;DNS2A;Deoxyribonuclease-2-alpha;;;;;;
O00213;APBB1;1.14;3.59E-08;4.81E-07;TRUE;TRUE;TRUE;2;APBB1;Amyloid beta precursor protein binding family B member 1;;;;;;
O00506;STK25;1.13;0.0166;0.0426;TRUE;TRUE;TRUE;3;STK25;Serine/threonine-protein kinase 25;;;;;;
O00515;LAD1;-3.68;1.52E-25;3.11E-22;TRUE;TRUE;FALSE;0;LAD1;Ladinin-1;;;;;;
O00622;CCN1;-2.51;1.70E-07;1.92E-06;TRUE;TRUE;FALSE;0;CCN1;CCN family member 1;;;;;;
O00767;SCD;-1.53;1.19E-06;1.08E-05;TRUE;TRUE;TRUE;3;SCD;Stearoyl-CoA desaturase;;;;;;
O14495;PLPP3;1.43;0.00104;0.00406;TRUE;TRUE;TRUE;1;PLPP3;Phospholipid phosphatase 3;;;;;;
O14773;TPP1;1.3;3.33E-06;2.67E-05;TRUE;TRUE;FALSE;0;TPP1;Tripeptidyl-peptidase 1;;;;;;
O14896;IRF6;-1.76;8.88E-09;1.41E-07;TRUE;TRUE;TRUE;10;IRF6;Interferon regulatory factor 6;;;;;;
O14967;CLGN;1.71;1.69E-10;4.81E-09;TRUE;TRUE;FALSE;0;CLGN;Calmegin;;;;;;
O15056;SYNJ2;1.29;5.11E-07;5.14E-06;TRUE;TRUE;FALSE;0;SYNJ2;Synaptojanin-2;;;;;;
O15264;MAPK13;-1.3;1.15E-11;4.49E-10;TRUE;TRUE;FALSE;0;MK13;Mitogen-activated protein kinase 13;;;;;;
O15327;INPP4B;-2.3;1.66E-11;6.26E-10;TRUE;TRUE;FALSE;0;INP4B;Inositol polyphosphate 4-phosphatase type II;;;;;;
O15357;INPPL1;1.04;1.89E-06;1.61E-05;TRUE;TRUE;FALSE;0;SHIP2;Phosphatidylinositol 3,4,5-trisphosphate 5-phosphatase 2;;;;;;
O15525;MAFG;-1.28;0.00729;0.0212;TRUE;TRUE;TRUE;10;MAFG;Transcription factor MafG;;;;;;
O43175;PHGDH;-1.05;7.75E-09;1.25E-07;TRUE;TRUE;FALSE;0;SERA;D-3-phosphoglycerate dehydrogenase;;;;;;
O43278;SPINT1;-1.29;1.61E-07;1.84E-06;TRUE;TRUE;FALSE;0;SPIT1;Kunitz-type protease inhibitor 1;;;;;;
O43294;TGFB1I1;1.1;0.00039;0.00173;TRUE;TRUE;TRUE;1;TGFI1;Transforming growth factor beta-1-induced transcript 1 protein;;;;;;
O60271;SPAG9;1.36;8.59E-13;4.88E-11;TRUE;TRUE;FALSE;0;JIP4;C-Jun-amino-terminal kinase-interacting protein 4;;;;;;
O60282;KIF5C;-1.07;4.63E-05;0.000274;TRUE;TRUE;TRUE;7;KIF5C;Kinesin heavy chain isoform 5C;;;;;;
O60487;MPZL2;-3.03;3.18E-13;2.06E-11;TRUE;TRUE;TRUE;11;MPZL2;Myelin protein zero-like protein 2;;;;;;
O60669;SLC16A7;1.31;0.000406;0.00179;TRUE;TRUE;TRUE;4;MOT2;Monocarboxylate transporter 2;;;;;;
O60830;TIMM17B;1.04;0.00201;0.0071;TRUE;TRUE;TRUE;2;TI17B;Mitochondrial import inner membrane translocase subunit Tim17-B;;;;;;
O75155;CAND2;1.28;5.21E-07;5.21E-06;TRUE;TRUE;TRUE;3;CAND2;Cullin-associated NEDD8-dissociated protein 2;;;;;;
O75521;ECI2;1.52;5.82E-17;1.70E-14;TRUE;TRUE;FALSE;0;ECI2;Enoyl-CoA delta isomerase 2;;;;;;
O75554;WBP4;-1.32;0.00152;0.00562;TRUE;TRUE;TRUE;4;WBP4;WW domain-binding protein 4;;;;;;
O76041;NEBL;2.79;1.83E-09;3.79E-08;TRUE;TRUE;TRUE;8;NEBL;Nebulette;;;;;;
O76074;PDE5A;-1.42;1.61E-10;4.62E-09;TRUE;TRUE;FALSE;0;PDE5A;cGMP-specific 3',5'-cyclic phosphodiesterase;;;;;;
O94875;SORBS2;-1.56;5.41E-07;5.34E-06;TRUE;TRUE;TRUE;9;SRBS2;Sorbin and SH3 domain-containing protein 2;;;;;;
O94907;DKK1;-1.21;3.02E-07;3.21E-06;TRUE;TRUE;FALSE;0;DKK1;Dickkopf-related protein 1;;;;;;
O95171;SCEL;-2.82;5.41E-14;5.27E-12;TRUE;TRUE;TRUE;11;SCEL;Sciellin;;;;;;
O95340;PAPSS2;1.45;5.46E-11;1.72E-09;TRUE;TRUE;FALSE;0;PAPS2;Bifunctional 3'-phosphoadenosine 5'-phosphosulfate synthase 2;;;;;;
O95471;CLDN7;-3.11;1.85E-12;9.33E-11;TRUE;TRUE;TRUE;11;CLD7;Claudin-7;;;;;;
O95678;KRT75;1.06;2.59E-11;8.95E-10;TRUE;TRUE;FALSE;0;K2C75;Keratin, type II cytoskeletal 75;;;;;;
O95696;BRD1;-1.02;0.00235;0.0081;TRUE;TRUE;FALSE;0;BRD1;Bromodomain-containing protein 1;;;;;;
O95994;AGR2;-1.32;1.26E-08;1.90E-07;TRUE;TRUE;FALSE;0;AGR2;Anterior gradient protein 2 homolog;;;;;;
P00750;PLAT;1.17;9.68E-14;7.93E-12;TRUE;TRUE;FALSE;0;TPA;Tissue-type plasminogen activator;;;;;;
P00966;ASS1;-3.37;3.69E-15;5.53E-13;TRUE;TRUE;FALSE;0;ASSY;Argininosuccinate synthase;;;;;;
P02538;KRT6A;-1.43;0.000436;0.0019;TRUE;TRUE;TRUE;7;K2C6A;Keratin, type II cytoskeletal 6A;;;;;;
P02753;RBP4;2.28;3.46E-10;8.75E-09;TRUE;TRUE;TRUE;3;RET4;Retinol-binding protein 4;;;;;;
P04155;TFF1;2.86;1.60E-10;4.62E-09;TRUE;TRUE;TRUE;9;TFF1;Trefoil factor 1;;;;;;
P05026;ATP1B1;-1.26;5.09E-05;0.000298;TRUE;TRUE;FALSE;0;AT1B1;Sodium/potassium-transporting ATPase subunit beta-1;;;;;;
P05783;KRT18;-1.09;0.000259;0.00121;TRUE;TRUE;FALSE;0;K1C18;Keratin, type I cytoskeletal 18;;;;;;
P05787;KRT8;-1.06;1.94E-14;2.16E-12;TRUE;TRUE;FALSE;0;K2C8;Keratin, type II cytoskeletal 8;;;;;;
P06737;PYGL;1.12;9.43E-13;5.13E-11;TRUE;TRUE;FALSE;0;PYGL;Glycogen phosphorylase, liver form;;;;;;
P07196;NEFL;3.74;7.92E-18;2.86E-15;TRUE;TRUE;FALSE;0;NFL;Neurofilament light polypeptide;;;;;;
P07203;GPX1;-1.23;3.85E-06;3.04E-05;TRUE;TRUE;FALSE;0;GPX1;Glutathione peroxidase 1;;;;;;
P07996;THBS1;-2.84;6.62E-14;5.89E-12;TRUE;TRUE;FALSE;0;TSP1;Thrombospondin-1;;;;;;
P08195;SLC3A2;-1.12;1.15E-15;2.08E-13;TRUE;TRUE;FALSE;0;4F2;Amino acid transporter heavy chain SLC3A2;;;;;;
P08237;PFKM;1.19;1.56E-06;1.36E-05;TRUE;TRUE;FALSE;0;PFKAM;ATP-dependent 6-phosphofructokinase, muscle type;;;;;;
P08243;ASNS;-1.36;9.62E-16;1.90E-13;TRUE;TRUE;FALSE;0;ASNS;Asparagine synthetase [glutamine-hydrolyzing];;;;;;
P08294;SOD3;1.23;1.12E-11;4.39E-10;TRUE;TRUE;TRUE;1;SODE;Extracellular superoxide dismutase [Cu-Zn];;;;;;
P08648;ITGA5;1.47;0.000315;0.00143;TRUE;TRUE;TRUE;4;ITA5;Integrin alpha-5;;;;;;
P08670;VIM;1.76;1.25E-15;2.19E-13;TRUE;TRUE;FALSE;0;VIME;Vimentin;;;;;;
P09758;TACSTD2;-3.68;1.36E-24;2.09E-21;TRUE;TRUE;FALSE;0;TACD2;Tumor-associated calcium signal transducer 2;;;;;;
P0CG40;SP9;-1.72;1.24E-09;2.69E-08;TRUE;TRUE;TRUE;12;SP9;Transcription factor Sp9;;;;;;
P10145;CXCL8;-1.39;7.76E-05;0.00043;TRUE;TRUE;TRUE;15;IL8;Interleukin-8;;;;;;
P10253;GAA;1.12;2.55E-11;8.84E-10;TRUE;TRUE;FALSE;0;LYAG;Lysosomal alpha-glucosidase;;;;;;
P10636;MAPT;1.67;3.15E-09;5.91E-08;TRUE;TRUE;TRUE;11;TAU;Microtubule-associated protein tau;;;;;;
P11166;SLC2A1;-1.51;6.65E-15;8.88E-13;TRUE;TRUE;FALSE;0;GTR1;Solute carrier family 2, facilitated glucose transporter member 1;;;;;;
P11216;PYGB;1.39;3.66E-15;5.53E-13;TRUE;TRUE;FALSE;0;PYGB;Glycogen phosphorylase, brain form;;;;;;
P11310;ACADM;-1.33;1.17E-13;8.95E-12;TRUE;TRUE;FALSE;0;ACADM;Medium-chain specific acyl-CoA dehydrogenase, mitochondrial;;;;;;
P11532;DMD;-1.59;4.62E-06;3.59E-05;TRUE;TRUE;TRUE;12;DMD;Dystrophin;;;;;;
P11926;ODC1;2.31;1.19E-08;1.79E-07;TRUE;TRUE;TRUE;4;DCOR;Ornithine decarboxylase;;;;;;
P12004;PCNA;-1.06;0.00461;0.0142;TRUE;TRUE;FALSE;0;PCNA;Proliferating cell nuclear antigen;;;;;;
P12109;COL6A1;2.27;1.07E-13;8.57E-12;TRUE;TRUE;FALSE;0;CO6A1;Collagen alpha-1(VI) chain;;;;;;
P12110;COL6A2;2.23;1.65E-12;8.37E-11;TRUE;TRUE;FALSE;0;CO6A2;Collagen alpha-2(VI) chain;;;;;;
P12277;CKB;1.22;4.37E-06;3.40E-05;TRUE;TRUE;TRUE;1;KCRB;Creatine kinase B-type;;;;;;
P12532;CKMT1A;-1.3;4.54E-13;2.82E-11;TRUE;TRUE;FALSE;0;KCRU;Creatine kinase U-type, mitochondrial;;;;;;
P12830;CDH1;-2.34;3.01E-08;4.09E-07;TRUE;TRUE;TRUE;2;CADH1;Cadherin-1;;;;;;
P13612;ITGA4;1.29;0.0163;0.0419;TRUE;TRUE;TRUE;10;ITA4;Integrin alpha-4;;;;;;
P13716;ALAD;1.12;2.36E-05;0.000152;TRUE;TRUE;FALSE;0;HEM2;Delta-aminolevulinic acid dehydratase;;;;;;
P13796;LCP1;-1.86;1.72E-09;3.60E-08;TRUE;TRUE;FALSE;0;PLSL;Plastin-2;;;;;;
P13987;CD59;1.2;6.49E-11;1.98E-09;TRUE;TRUE;FALSE;0;CD59;CD59 glycoprotein;;;;;;
P14923;JUP;-1.15;2.29E-07;2.51E-06;TRUE;TRUE;FALSE;0;PLAK;Junction plakoglobin;;;;;;
P15090;FABP4;3.75;1.64E-18;9.15E-16;TRUE;TRUE;FALSE;0;FABP4;Fatty acid-binding protein, adipocyte;;;;;;
P15104;GLUL;1.22;2.61E-15;4.45E-13;TRUE;TRUE;FALSE;0;GLNA;Glutamine synthetase;;;;;;
P15428;HPGD;1.87;6.02E-11;1.86E-09;TRUE;TRUE;FALSE;0;PGDH;15-hydroxyprostaglandin dehydrogenase [NAD(+)];;;;;;
P15924;DSP;-1.5;1.35E-17;4.60E-15;TRUE;TRUE;FALSE;0;DESP;Desmoplakin;;;;;;
P16422;EPCAM;-3.2;2.14E-23;2.63E-20;TRUE;TRUE;FALSE;0;EPCAM;Epithelial cell adhesion molecule;;;;;;
P17252;PRKCA;1.12;3.28E-18;1.56E-15;TRUE;TRUE;FALSE;0;KPCA;Protein kinase C alpha type;;;;;;
P17301;ITGA2;-1.3;3.99E-15;5.84E-13;TRUE;TRUE;FALSE;0;ITA2;Integrin alpha-2;;;;;;
P17900;GM2A;1.05;5.56E-05;0.000323;TRUE;TRUE;FALSE;0;SAP3;Ganglioside GM2 activator;;;;;;
P18564;ITGB6;-1.23;1.12E-08;1.71E-07;TRUE;TRUE;TRUE;12;ITB6;Integrin beta-6;;;;;;
P19256;CD58;-1.54;2.37E-09;4.67E-08;TRUE;TRUE;TRUE;1;LFA3;Lymphocyte function-associated antigen 3;;;;;;
P19883;FST;-1.01;2.17E-11;7.76E-10;TRUE;TRUE;FALSE;0;FST;Follistatin;;;;;;
P21980;TGM2;-1.92;1.79E-13;1.31E-11;TRUE;TRUE;FALSE;0;TGM2;Protein-glutamine gamma-glutamyltransferase 2;;;;;;
P22676;CALB2;-2.39;1.61E-06;1.40E-05;TRUE;TRUE;TRUE;7;CALB2;Calretinin;;;;;;
P23229;ITGA6;1.04;6.53E-13;3.89E-11;TRUE;TRUE;FALSE;0;ITA6;Integrin alpha-6;;;;;;
P25445;FAS;-1.47;9.04E-09;1.42E-07;TRUE;TRUE;TRUE;1;TNR6;Tumor necrosis factor receptor superfamily member 6;;;;;;
P25815;S100P;-1.77;1.47E-14;1.77E-12;TRUE;TRUE;FALSE;0;S100P;Protein S100-P;;;;;;
P26006;ITGA3;1.19;9.11E-17;2.54E-14;TRUE;TRUE;FALSE;0;ITA3;Integrin alpha-3;;;;;;
P27144;AK4;-1.01;5.15E-16;1.09E-13;TRUE;TRUE;FALSE;0;KAD4;Adenylate kinase 4, mitochondrial;;;;;;
P27487;DPP4;-3.85;2.88E-20;2.21E-17;TRUE;TRUE;FALSE;0;DPP4;Dipeptidyl peptidase 4;;;;;;
P29034;S100A2;-1.29;8.30E-09;1.33E-07;TRUE;TRUE;FALSE;0;S10A2;Protein S100-A2;;;;;;
P29323;EPHB2;-1.03;1.16E-05;8.21E-05;TRUE;TRUE;FALSE;0;EPHB2;Ephrin type-B receptor 2;;;;;;
P29373;CRABP2;-1.48;6.79E-06;5.05E-05;TRUE;TRUE;FALSE;0;RABP2;Cellular retinoic acid-binding protein 2;;;;;;
P29762;CRABP1;2.5;2.47E-10;6.68E-09;TRUE;TRUE;TRUE;10;RABP1;Cellular retinoic acid-binding protein 1;;;;;;
P30047;GCHFR;1.44;6.93E-08;8.62E-07;TRUE;TRUE;TRUE;2;GFRP;GTP cyclohydrolase 1 feedback regulatory protein;;;;;;
P30825;SLC7A1;-1.4;6.06E-12;2.62E-10;TRUE;TRUE;FALSE;0;CTR1;High affinity cationic amino acid transporter 1;;;;;;
P31146;CORO1A;1.08;7.76E-14;6.61E-12;TRUE;TRUE;FALSE;0;COR1A;Coronin-1A;;;;;;
P31270;HOXA11;-1.06;0.000562;0.00237;TRUE;TRUE;TRUE;5;HXA11;Homeobox protein Hox-A11;;;;;;
P31431;SDC4;-1.15;3.58E-05;0.00022;TRUE;TRUE;TRUE;1;SDC4;Syndecan-4;;;;;;
P32519;ELF1;-1.36;1.12E-09;2.48E-08;TRUE;TRUE;FALSE;0;ELF1;ETS-related transcription factor Elf-1;;;;;;
P33897;ABCD1;1.12;1.15E-05;8.09E-05;TRUE;TRUE;FALSE;0;ABCD1;ATP-binding cassette sub-family D member 1;;;;;;
P34896;SHMT1;-1.05;1.61E-06;1.40E-05;TRUE;TRUE;FALSE;0;GLYC;Serine hydroxymethyltransferase, cytosolic;;;;;;
P35354;PTGS2;-1.09;0.00061;0.00255;TRUE;TRUE;TRUE;15;PGH2;Prostaglandin G/H synthase 2;;;;;;
P35520;CBS;-1.09;1.48E-06;1.31E-05;TRUE;TRUE;TRUE;10;CBS;Cystathionine beta-synthase;;;;;;
P35555;FBN1;1.04;0.00039;0.00173;TRUE;TRUE;TRUE;1;FBN1;Fibrillin-1;;;;;;
P35612;ADD2;-1.85;1.95E-07;2.18E-06;TRUE;TRUE;TRUE;13;ADDB;Beta-adducin;;;;;;
P36871;PGM1;-1.01;8.70E-14;7.32E-12;TRUE;TRUE;FALSE;0;PGM1;Phosphoglucomutase-1;;;;;;
P37059;HSD17B2;1.88;4.70E-08;6.15E-07;TRUE;TRUE;TRUE;6;DHB2;17-beta-hydroxysteroid dehydrogenase type 2;;;;;;
P37268;FDFT1;-2.16;3.30E-13;2.11E-11;TRUE;TRUE;TRUE;2;FDFT;Squalene synthase;;;;;;
P40123;CAP2;1.52;3.67E-17;1.19E-14;TRUE;TRUE;FALSE;0;CAP2;Adenylyl cyclase-associated protein 2;;;;;;
P42330;AKR1C3;1.55;6.96E-10;1.66E-08;TRUE;TRUE;TRUE;1;AK1C3;Aldo-keto reductase family 1 member C3;;;;;;
P43405;SYK;-1.78;8.43E-10;1.97E-08;TRUE;TRUE;TRUE;8;KSYK;Tyrosine-protein kinase SYK;;;;;;
P46013;MKI67;-1.18;2.08E-12;1.02E-10;TRUE;TRUE;FALSE;0;KI67;Proliferation marker protein Ki-67;;;;;;
P46821;MAP1B;1.73;1.95E-13;1.40E-11;TRUE;TRUE;FALSE;0;MAP1B;Microtubule-associated protein 1B;;;;;;
P48066;SLC6A11;-2.88;6.24E-16;1.28E-13;TRUE;TRUE;TRUE;1;S6A11;Sodium- and chloride-dependent GABA transporter 3;;;;;;
P49419;ALDH7A1;1.1;6.77E-09;1.12E-07;TRUE;TRUE;FALSE;0;AL7A1;Alpha-aminoadipic semialdehyde dehydrogenase;;;;;;
P50238;CRIP1;1.35;8.30E-05;0.000457;TRUE;TRUE;TRUE;4;CRIP1;Cysteine-rich protein 1;;;;;;
P51648;ALDH3A2;1.21;1.03E-09;2.33E-08;TRUE;TRUE;FALSE;0;AL3A2;Aldehyde dehydrogenase family 3 member A2;;;;;;
P51688;SGSH;1.02;2.83E-11;9.55E-10;TRUE;TRUE;FALSE;0;SPHM;N-sulphoglucosamine sulphohydrolase;;;;;;
P52564;MAP2K6;1.33;1.37E-12;7.20E-11;TRUE;TRUE;FALSE;0;MP2K6;Dual specificity mitogen-activated protein kinase kinase 6;;;;;;
P52943;CRIP2;1.01;0.000289;0.00133;TRUE;TRUE;FALSE;0;CRIP2;Cysteine-rich protein 2;;;;;;
P53611;RABGGTB;-1.1;1.81E-14;2.06E-12;TRUE;TRUE;FALSE;0;PGTB2;Geranylgeranyl transferase type-2 subunit beta;;;;;;
P55011;SLC12A2;1.12;3.35E-15;5.36E-13;TRUE;TRUE;FALSE;0;S12A2;Solute carrier family 12 member 2;;;;;;
P55268;LAMB2;1.06;8.95E-06;6.43E-05;TRUE;TRUE;TRUE;3;LAMB2;Laminin subunit beta-2;;;;;;
P55287;CDH11;2.18;2.55E-13;1.67E-11;TRUE;TRUE;FALSE;0;CAD11;Cadherin-11;;;;;;
P56199;ITGA1;2.74;2.54E-07;2.74E-06;TRUE;TRUE;TRUE;5;ITA1;Integrin alpha-1;;;;;;
P56377;AP1S2;1.03;0.00122;0.00466;TRUE;TRUE;TRUE;2;AP1S2;AP-1 complex subunit sigma-2;;;;;;
P57060;RWDD2B;1.06;0.000212;0.00102;TRUE;TRUE;TRUE;7;RWD2B;RWD domain-containing protein 2B;;;;;;
P57105;SYNJ2BP;1.38;0.0107;0.0293;TRUE;TRUE;FALSE;0;SYJ2B;Synaptojanin-2-binding protein;;;;;;
P58107;EPPK1;-2.56;7.29E-26;2.90E-22;TRUE;TRUE;FALSE;0;EPIPL;Epiplakin;;;;;;
P58335;ANTXR2;1.08;5.74E-09;9.85E-08;TRUE;TRUE;FALSE;0;ANTR2;Anthrax toxin receptor 2;;;;;;
P59768;GNG2;1.55;3.57E-07;3.76E-06;TRUE;TRUE;FALSE;0;GBG2;Guanine nucleotide-binding protein G(I)/G(S)/G(O) subunit gamma-2;;;;;;
P61601;NCALD;1.11;0.0053;0.0161;TRUE;TRUE;TRUE;9;NCALD;Neurocalcin-delta;;;;;;
P61764;STXBP1;1.11;1.04E-07;1.24E-06;TRUE;TRUE;FALSE;0;STXB1;Syntaxin-binding protein 1;;;;;;
P61812;TGFB2;-2.4;3.29E-18;1.56E-15;TRUE;TRUE;FALSE;0;TGFB2;Transforming growth factor beta-2 proprotein;;;;;;
P62942;FKBP1A;1.05;0.000903;0.0036;TRUE;TRUE;FALSE;0;FKB1A;Peptidyl-prolyl cis-trans isomerase FKBP1A;;;;;;
P78310;CXADR;-1.59;1.18E-07;1.38E-06;TRUE;TRUE;TRUE;9;CXAR;Coxsackievirus and adenovirus receptor;;;;;;
P78330;PSPH;-1.16;6.78E-05;0.000381;TRUE;TRUE;FALSE;0;SERB;Phosphoserine phosphatase;;;;;;
P78357;CNTNAP1;1.33;2.83E-06;2.30E-05;TRUE;TRUE;TRUE;2;CNTP1;Contactin-associated protein 1;;;;;;
P78563;ADARB1;1.91;4.12E-09;7.47E-08;TRUE;TRUE;TRUE;3;RED1;Double-stranded RNA-specific editase 1;;;;;;
P80188;LCN2;-1.36;5.98E-09;1.02E-07;TRUE;TRUE;TRUE;3;NGAL;Neutrophil gelatinase-associated lipocalin;;;;;;
P84157;MXRA7;1.07;0.000152;0.000765;TRUE;TRUE;TRUE;13;MXRA7;Matrix-remodeling-associated protein 7;;;;;;
P98160;HSPG2;1.23;8.42E-08;1.02E-06;TRUE;TRUE;TRUE;3;PGBM;Basement membrane-specific heparan sulfate proteoglycan core protein;;;;;;
Q00534;CDK6;-1.03;1.97E-12;9.67E-11;TRUE;TRUE;FALSE;0;CDK6;Cyclin-dependent kinase 6;;;;;;
Q01432;AMPD3;1.27;3.09E-07;3.29E-06;TRUE;TRUE;TRUE;1;AMPD3;AMP deaminase 3;;;;;;
Q01628;IFITM3;1.06;5.38E-07;5.33E-06;TRUE;TRUE;TRUE;2;IFM3;Interferon-induced transmembrane protein 3;;;;;;
Q01650;SLC7A5;-1.15;3.58E-12;1.64E-10;TRUE;TRUE;FALSE;0;LAT1;Large neutral amino acids transporter small subunit 1;;;;;;
Q01995;TAGLN;-1.61;0.000285;0.00131;TRUE;TRUE;TRUE;14;TAGL;Transgelin;;;;;;
Q04695;KRT17;-2.06;0.000138;0.000704;TRUE;TRUE;TRUE;1;K1C17;Keratin, type I cytoskeletal 17;;;;;;
Q07021;C1QBP;-1.24;4.41E-14;4.44E-12;TRUE;TRUE;FALSE;0;C1QBP;Complement component 1 Q subcomponent-binding protein, mitochondrial;;;;;;
Q07954;LRP1;1.25;3.87E-10;9.57E-09;TRUE;TRUE;FALSE;0;LRP1;Prolow-density lipoprotein receptor-related protein 1;;;;;;
Q08345;DDR1;-1.47;8.38E-11;2.48E-09;TRUE;TRUE;TRUE;2;DDR1;Epithelial discoidin domain-containing receptor 1;;;;;;
Q08397;LOXL1;-1.33;7.23E-08;8.92E-07;TRUE;TRUE;TRUE;1;LOXL1;Lysyl oxidase homolog 1;;;;;;
Q0ZGT2;NEXN;-1.44;6.28E-14;5.75E-12;TRUE;TRUE;FALSE;0;NEXN;Nexilin;;;;;;
Q12791;KCNMA1;1.44;2.28E-07;2.51E-06;TRUE;TRUE;FALSE;0;KCMA1;Calcium-activated potassium channel subunit alpha-1;;;;;;
Q12805;EFEMP1;-3.55;6.51E-14;5.88E-12;TRUE;TRUE;TRUE;8;FBLN3;EGF-containing fibulin-like extracellular matrix protein 1;;;;;;
Q12857;NFIA;-1.32;1.62E-10;4.63E-09;TRUE;TRUE;TRUE;1;NFIA;Nuclear factor 1 A-type;;;;;;
Q13228;SELENBP1;2.56;1.08E-13;8.57E-12;TRUE;TRUE;FALSE;0;SBP1;Methanethiol oxidase;;;;;;
Q13303;KCNAB2;1.25;0.000205;0.000997;TRUE;TRUE;TRUE;8;KCAB2;Voltage-gated potassium channel subunit beta-2;;;;;;
Q13470;TNK1;-1.19;1.84E-06;1.58E-05;TRUE;TRUE;FALSE;0;TNK1;Non-receptor tyrosine-protein kinase TNK1;;;;;;
Q13488;TCIRG1;1.54;5.52E-10;1.32E-08;TRUE;TRUE;FALSE;0;VPP3;V-type proton ATPase 116 kDa subunit a 3;;;;;;
Q13642;FHL1;1.28;1.28E-13;9.57E-12;TRUE;TRUE;FALSE;0;FHL1;Four and a half LIM domains protein 1;;;;;;
Q13835;PKP1;1.58;1.10E-15;2.05E-13;TRUE;TRUE;FALSE;0;PKP1;Plakophilin-1;;;;;;
Q13884;SNTB1;2.24;3.07E-10;7.87E-09;TRUE;TRUE;TRUE;1;SNTB1;Beta-1-syntrophin;;;;;;
Q13938;CAPS;-1.98;2.41E-13;1.62E-11;TRUE;TRUE;FALSE;0;CAYP1;Calcyphosin;;;;;;
Q14012;CAMK1;1.23;1.11E-08;1.71E-07;TRUE;TRUE;TRUE;1;KCC1A;Calcium/calmodulin-dependent protein kinase type 1;;;;;;
Q14195;DPYSL3;1.16;4.96E-12;2.21E-10;TRUE;TRUE;FALSE;0;DPYL3;Dihydropyrimidinase-related protein 3;;;;;;
Q14240;EIF4A2;1.46;7.58E-10;1.80E-08;TRUE;TRUE;FALSE;0;IF4A2;Eukaryotic initiation factor 4A-II;;;;;;
Q14244;MAP7;-1.52;1.62E-16;3.97E-14;TRUE;TRUE;FALSE;0;MAP7;Ensconsin;;;;;;
Q14315;FLNC;1.59;4.41E-09;7.86E-08;TRUE;TRUE;FALSE;0;FLNC;Filamin-C;;;;;;
Q14353;GAMT;1.09;7.54E-12;3.15E-10;TRUE;TRUE;FALSE;0;GAMT;Guanidinoacetate N-methyltransferase;;;;;;
Q14435;GALNT3;-1.21;1.14E-07;1.35E-06;TRUE;TRUE;FALSE;0;GALT3;Polypeptide N-acetylgalactosaminyltransferase 3;;;;;;
Q14512;FGFBP1;-1.41;2.35E-07;2.55E-06;TRUE;TRUE;TRUE;1;FGFP1;Fibroblast growth factor-binding protein 1;;;;;;
Q14563;SEMA3A;-1.07;2.18E-07;2.41E-06;TRUE;TRUE;TRUE;5;SEM3A;Semaphorin-3A;;;;;;
Q14574;DSC3;1.01;0.00261;0.00886;TRUE;TRUE;TRUE;3;DSC3;Desmocollin-3;;;;;;
Q14699;RFTN1;-1.1;2.21E-08;3.14E-07;TRUE;TRUE;FALSE;0;RFTN1;Raftlin;;;;;;
Q14766;LTBP1;1.44;1.81E-11;6.69E-10;TRUE;TRUE;FALSE;0;LTBP1;Latent-transforming growth factor beta-binding protein 1;;;;;;
Q15119;PDK2;1.17;0.000819;0.00331;TRUE;TRUE;TRUE;5;PDK2;[Pyruvate dehydrogenase (acetyl-transferring)] kinase isozyme 2, mitochondrial;;;;;;
Q15147;PLCB4;1.76;3.40E-15;5.36E-13;TRUE;TRUE;FALSE;0;PLCB4;1-phosphatidylinositol 4,5-bisphosphate phosphodiesterase beta-4;;;;;;
Q15392;DHCR24;-1.46;2.47E-11;8.63E-10;TRUE;TRUE;FALSE;0;DHC24;Delta(24)-sterol reductase;;;;;;
Q15417;CNN3;-1.71;7.08E-18;2.72E-15;TRUE;TRUE;FALSE;0;CNN3;Calponin-3;;;;;;
Q15555;MAPRE2;1.28;1.75E-08;2.59E-07;TRUE;TRUE;FALSE;0;MARE2;Microtubule-associated protein RP/EB family member 2;;;;;;
Q15654;TRIP6;1.1;5.20E-06;4.00E-05;TRUE;TRUE;FALSE;0;TRIP6;Thyroid receptor-interacting protein 6;;;;;;
Q15847;ADIRF;1.89;3.99E-16;9.07E-14;TRUE;TRUE;FALSE;0;ADIRF;Adipogenesis regulatory factor;;;;;;
Q15942;ZYX;1.39;1.70E-19;1.04E-16;TRUE;TRUE;FALSE;0;ZYX;Zyxin;;;;;;
Q16625;OCLN;-1.33;8.75E-08;1.06E-06;TRUE;TRUE;TRUE;1;OCLN;Occludin;;;;;;
Q16666;IFI16;1.56;1.07E-09;2.38E-08;TRUE;TRUE;TRUE;9;IF16;Gamma-interferon-inducible protein 16;;;;;;
Q16880;UGT8;1.61;9.54E-12;3.86E-10;TRUE;TRUE;TRUE;6;CGT;2-hydroxyacylsphingosine 1-beta-galactosyltransferase;;;;;;
Q16881;TXNRD1;1.42;4.30E-15;6.15E-13;TRUE;TRUE;FALSE;0;TRXR1;Thioredoxin reductase 1, cytoplasmic;;;;;;
Q1L6U9;MSMP;2.74;4.67E-10;1.14E-08;TRUE;TRUE;FALSE;0;MSMP;Prostate-associated microseminoprotein;;;;;;
Q2TAA2;IAH1;1.17;0.000251;0.00118;TRUE;TRUE;TRUE;2;IAH1;Isoamyl acetate-hydrolyzing esterase 1 homolog;;;;;;
Q3KQV9;UAP1L1;1.46;9.77E-07;8.97E-06;TRUE;TRUE;TRUE;1;UAP1L;UDP-N-acetylhexosamine pyrophosphorylase-like protein 1;;;;;;
Q3KR37;GRAMD1B;1.34;7.00E-13;4.05E-11;TRUE;TRUE;FALSE;0;ASTRB;Protein Aster-B;;;;;;
Q3LXA3;TKFC;1.16;3.45E-09;6.37E-08;TRUE;TRUE;FALSE;0;TKFC;Triokinase/FMN cyclase;;;;;;
Q3V6T2;CCDC88A;1.08;5.52E-07;5.43E-06;TRUE;TRUE;FALSE;0;GRDN;Girdin;;;;;;
Q5H8A4;PIGG;1.22;9.89E-05;0.00053;TRUE;TRUE;TRUE;5;PIGG;GPI ethanolamine phosphate transferase 2;;;;;;
Q5NDL2;EOGT;-1.11;0.0147;0.0383;TRUE;TRUE;TRUE;5;EOGT;EGF domain-specific O-linked N-acetylglucosamine transferase;;;;;;
Q5T0Z8;C6orf132;-2.95;8.98E-14;7.45E-12;TRUE;TRUE;TRUE;10;CF132;Uncharacterized protein C6orf132;;;;;;
Q5T2T1;MPP7;-1.02;2.48E-09;4.86E-08;TRUE;TRUE;FALSE;0;MPP7;MAGUK p55 subfamily member 7;;;;;;
Q5VV41;ARHGEF16;-1.59;1.42E-16;3.63E-14;TRUE;TRUE;FALSE;0;ARHGG;Rho guanine nucleotide exchange factor 16;;;;;;
Q5VYY1;ANKRD22;-4.33;4.86E-15;6.78E-13;TRUE;TRUE;TRUE;9;ANR22;Ankyrin repeat domain-containing protein 22;;;;;;
Q687X5;STEAP4;-2.71;6.17E-12;2.65E-10;TRUE;TRUE;TRUE;6;STEA4;Metalloreductase STEAP4;;;;;;
Q6DKJ4;NXN;-1.67;7.52E-09;1.21E-07;TRUE;TRUE;FALSE;0;NXN;Nucleoredoxin;;;;;;
Q6DT37;CDC42BPG;-1.26;3.17E-12;1.49E-10;TRUE;TRUE;FALSE;0;MRCKG;Serine/threonine-protein kinase MRCK gamma;;;;;;
Q6IA17;SIGIRR;-1.42;2.67E-10;7.03E-09;TRUE;TRUE;TRUE;1;SIGIR;Single Ig IL-1-related receptor;;;;;;
Q6IPR3;TYW3;-1.07;9.14E-06;6.56E-05;TRUE;TRUE;TRUE;2;TYW3;tRNA wybutosine-synthesizing protein 3 homolog;;;;;;
Q6ISB3;GRHL2;-2.7;7.87E-13;4.51E-11;TRUE;TRUE;TRUE;2;GRHL2;Grainyhead-like protein 2 homolog;;;;;;
Q6KB66;KRT80;-1.65;5.59E-11;1.75E-09;TRUE;TRUE;FALSE;0;K2C80;Keratin, type II cytoskeletal 80;;;;;;
Q6NXG1;ESRP1;-3.49;2.15E-11;7.76E-10;TRUE;TRUE;TRUE;3;ESRP1;Epithelial splicing regulatory protein 1;;;;;;
Q6P597;KLC3;-1.81;5.04E-09;8.89E-08;TRUE;TRUE;TRUE;4;KLC3;Kinesin light chain 3;;;;;;
Q6ZMI0;PPP1R21;1.09;5.13E-07;5.14E-06;TRUE;TRUE;TRUE;1;PPR21;Protein phosphatase 1 regulatory subunit 21;;;;;;
Q6ZRV2;FAM83H;-1.34;6.97E-13;4.05E-11;TRUE;TRUE;FALSE;0;FA83H;Protein FAM83H;;;;;;
Q709C8;VPS13C;1.55;0.00357;0.0115;TRUE;TRUE;TRUE;2;VP13C;Intermembrane lipid transfer protein VPS13C;;;;;;
Q70EL4;USP43;-2.25;9.03E-10;2.08E-08;TRUE;TRUE;TRUE;11;UBP43;Ubiquitin carboxyl-terminal hydrolase 43;;;;;;
Q70J99;UNC13D;-1.4;3.78E-11;1.23E-09;TRUE;TRUE;FALSE;0;UN13D;Protein unc-13 homolog D;;;;;;
Q70UQ0;IKBIP;1.19;4.28E-07;4.42E-06;TRUE;TRUE;FALSE;0;IKIP;Inhibitor of nuclear factor kappa-B kinase-interacting protein;;;;;;
Q7L266;ASRGL1;1.08;1.21E-09;2.65E-08;TRUE;TRUE;FALSE;0;ASGL1;Isoaspartyl peptidase/L-asparaginase;;;;;;
Q7L8J4;SH3BP5L;1.27;2.08E-10;5.74E-09;TRUE;TRUE;FALSE;0;3BP5L;SH3 domain-binding protein 5-like;;;;;;
Q7Z2K6;ERMP1;-1.13;2.10E-13;1.46E-11;TRUE;TRUE;FALSE;0;ERMP1;Endoplasmic reticulum metallopeptidase 1;;;;;;
Q7Z699;SPRED1;1.31;5.59E-09;9.67E-08;TRUE;TRUE;TRUE;2;SPRE1;Sprouty-related, EVH1 domain-containing protein 1;;;;;;
Q7Z6B0;CCDC91;-1.32;6.48E-11;1.98E-09;TRUE;TRUE;TRUE;1;CCD91;Coiled-coil domain-containing protein 91;;;;;;
Q86SQ0;PHLDB2;-1.02;0.00789;0.0227;TRUE;TRUE;FALSE;0;PHLB2;Pleckstrin homology-like domain family B member 2;;;;;;
Q86VQ6;TXNRD3;1.05;0.00234;0.0081;TRUE;TRUE;TRUE;17;TRXR3;Thioredoxin reductase 3;;;;;;
Q86X29;LSR;-1.3;3.96E-07;4.13E-06;TRUE;TRUE;FALSE;0;LSR;Lipolysis-stimulated lipoprotein receptor;;;;;;
Q86XZ4;SPATS2;1.17;8.90E-13;5.00E-11;TRUE;TRUE;FALSE;0;SPAS2;Spermatogenesis-associated serine-rich protein 2;;;;;;
Q8IVF2;AHNAK2;1.56;2.11E-20;1.85E-17;TRUE;TRUE;FALSE;0;AHNK2;Protein AHNAK2;;;;;;
Q8IVM0;CCDC50;1.07;8.14E-05;0.000449;TRUE;TRUE;FALSE;0;CCD50;Coiled-coil domain-containing protein 50;;;;;;
Q8IVT2;MISP;-1.25;1.02E-14;1.28E-12;TRUE;TRUE;FALSE;0;MISP;Mitotic interactor and substrate of PLK1;;;;;;
Q8IWA5;SLC44A2;-1.48;3.04E-09;5.74E-08;TRUE;TRUE;FALSE;0;CTL2;Choline transporter-like protein 2;;;;;;
Q8N0Z8;PUSL1;1.37;1.85E-05;0.000124;TRUE;TRUE;TRUE;4;PUSL1;tRNA pseudouridine synthase-like 1;;;;;;
Q8N1P7;CRYBG2;-1.34;2.82E-07;3.03E-06;TRUE;TRUE;TRUE;7;CRBG2;Beta/gamma crystallin domain-containing protein 2;;;;;;
Q8N271;PROM2;-1.63;0.000181;0.000893;TRUE;TRUE;TRUE;14;PROM2;Prominin-2;;;;;;
Q8N3E9;PLCD3;1.39;9.12E-12;3.76E-10;TRUE;TRUE;FALSE;0;PLCD3;1-phosphatidylinositol 4,5-bisphosphate phosphodiesterase delta-3;;;;;;
Q8N465;D2HGDH;1.16;0.000638;0.00266;TRUE;TRUE;TRUE;2;D2HDH;D-2-hydroxyglutarate dehydrogenase, mitochondrial;;;;;;
Q8N5V2;NGEF;1.33;1.90E-08;2.77E-07;TRUE;TRUE;FALSE;0;NGEF;Ephexin-1;;;;;;
Q8N6N3;C1orf52;-1.22;5.30E-14;5.25E-12;TRUE;TRUE;FALSE;0;CA052;UPF0690 protein C1orf52;;;;;;
Q8N8R3;SLC25A29;1.05;7.18E-05;0.000402;TRUE;TRUE;TRUE;3;S2529;Mitochondrial basic amino acids transporter;;;;;;
Q8NB46;ANKRD52;1.06;0.00111;0.0043;TRUE;TRUE;TRUE;4;ANR52;Serine/threonine-protein phosphatase 6 regulatory ankyrin repeat subunit C;;;;;;
Q8NC54;KCT2;-1.15;0.0176;0.0446;TRUE;TRUE;TRUE;2;KCT2;Keratinocyte-associated transmembrane protein 2;;;;;;
Q8ND90;PNMA1;1.77;2.90E-12;1.39E-10;TRUE;TRUE;FALSE;0;PNMA1;Paraneoplastic antigen Ma1;;;;;;
Q8NEU8;APPL2;1.22;6.18E-14;5.75E-12;TRUE;TRUE;FALSE;0;DP13B;DCC-interacting protein 13-beta;;;;;;
Q8NEV8;EXPH5;-2.01;6.70E-06;5.00E-05;TRUE;TRUE;FALSE;0;EXPH5;Exophilin-5;;;;;;
Q8NFJ5;GPRC5A;-1.29;1.01E-11;4.04E-10;TRUE;TRUE;FALSE;0;RAI3;Retinoic acid-induced protein 3;;;;;;
Q8NFT2;STEAP2;-1.5;1.90E-09;3.90E-08;TRUE;TRUE;FALSE;0;STEA2;Metalloreductase STEAP2;;;;;;
Q8NHP8;PLBD2;1.15;2.72E-08;3.72E-07;TRUE;TRUE;FALSE;0;PLBL2;Putative phospholipase B-like 2;;;;;;
Q8NI35;PATJ;-1.76;3.70E-14;3.79E-12;TRUE;TRUE;FALSE;0;INADL;InaD-like protein;;;;;;
Q8TB36;GDAP1;1.19;3.11E-14;3.24E-12;TRUE;TRUE;FALSE;0;GDAP1;Ganglioside-induced differentiation-associated protein 1;;;;;;
Q8TBF2;PRXL2B;1.25;2.52E-08;3.51E-07;TRUE;TRUE;FALSE;0;PXL2B;Prostamide/prostaglandin F synthase;;;;;;
Q8TCB0;IFI44;-1.47;1.30E-08;1.95E-07;TRUE;TRUE;TRUE;3;IFI44;Interferon-induced protein 44;;;;;;
Q8TCU6;PREX1;1.05;1.55E-07;1.79E-06;TRUE;TRUE;TRUE;7;PREX1;Phosphatidylinositol 3,4,5-trisphosphate-dependent Rac exchanger 1 protein;;;;;;
Q8TCZ2;CD99L2;1.22;0.0142;0.0372;TRUE;TRUE;TRUE;11;C99L2;CD99 antigen-like protein 2;;;;;;
Q8TD30;GPT2;-1.11;2.00E-06;1.69E-05;TRUE;TRUE;FALSE;0;ALAT2;Alanine aminotransferase 2;;;;;;
Q8TE68;EPS8L1;-1.88;1.94E-06;1.64E-05;TRUE;TRUE;FALSE;0;ES8L1;Epidermal growth factor receptor kinase substrate 8-like protein 1;;;;;;
Q8TEY7;USP33;-1.33;2.79E-09;5.35E-08;TRUE;TRUE;FALSE;0;UBP33;Ubiquitin carboxyl-terminal hydrolase 33;;;;;;
Q8WU79;SMAP2;1.2;3.57E-05;0.000219;TRUE;TRUE;FALSE;0;SMAP2;Stromal membrane-associated protein 2;;;;;;
Q8WWA1;TMEM40;-1.35;5.12E-08;6.64E-07;TRUE;TRUE;TRUE;4;TMM40;Transmembrane protein 40;;;;;;
Q8WWI1;LMO7;1.76;2.84E-22;2.90E-19;TRUE;TRUE;FALSE;0;LMO7;LIM domain only protein 7;;;;;;
Q8WX93;PALLD;-1.04;4.18E-16;9.17E-14;TRUE;TRUE;FALSE;0;PALLD;Palladin;;;;;;
Q8WXI4;ACOT11;-1.54;6.78E-07;6.50E-06;TRUE;TRUE;TRUE;13;ACO11;Acyl-coenzyme A thioesterase 11;;;;;;
Q92485;SMPDL3B;-1.76;6.98E-13;4.05E-11;TRUE;TRUE;FALSE;0;ASM3B;Acid sphingomyelinase-like phosphodiesterase 3b;;;;;;
Q92784;DPF3;1.43;7.26E-07;6.91E-06;TRUE;TRUE;FALSE;0;DPF3;Zinc finger protein DPF3;;;;;;
Q92826;HOXB13;1.56;3.59E-10;8.99E-09;TRUE;TRUE;FALSE;0;HXB13;Homeobox protein Hox-B13;;;;;;
Q96A22;C11orf52;-1.29;0.000789;0.0032;TRUE;TRUE;TRUE;11;CK052;Uncharacterized protein C11orf52;;;;;;
Q96B23;ARK2N;1.04;0.000129;0.000665;TRUE;TRUE;TRUE;2;ARK2N;Protein ARK2N;;;;;;
Q96B77;TMEM186;-1.08;0.000344;0.00154;TRUE;TRUE;TRUE;9;TM186;Transmembrane protein 186;;;;;;
Q96CM8;ACSF2;1.45;7.10E-12;2.99E-10;TRUE;TRUE;FALSE;0;ACSF2;Medium-chain acyl-CoA ligase ACSF2, mitochondrial;;;;;;
Q96CN4;EVI5L;1.03;2.13E-08;3.06E-07;TRUE;TRUE;TRUE;1;EVI5L;EVI5-like protein;;;;;;
Q96D09;GPRASP2;1.16;2.02E-08;2.93E-07;TRUE;TRUE;TRUE;3;GASP2;G-protein coupled receptor-associated sorting protein 2;;;;;;
Q96D15;RCN3;1.05;3.54E-09;6.49E-08;TRUE;TRUE;FALSE;0;RCN3;Reticulocalbin-3;;;;;;
Q96DH6;MSI2;1.17;2.16E-11;7.76E-10;TRUE;TRUE;FALSE;0;MSI2H;RNA-binding protein Musashi homolog 2;;;;;;
Q96E14;RMI2;-1.27;0.00315;0.0104;TRUE;TRUE;TRUE;10;RMI2;RecQ-mediated genome instability protein 2;;;;;;
Q96EN8;MOCOS;-1.45;4.42E-12;2.00E-10;TRUE;TRUE;FALSE;0;MOCOS;Molybdenum cofactor sulfurase;;;;;;
Q96EU7;C1GALT1C1;-1.24;0.00192;0.00682;TRUE;TRUE;TRUE;3;C1GLC;C1GALT1-specific chaperone 1;;;;;;
Q96F45;ZNF503;1.2;5.13E-13;3.15E-11;TRUE;TRUE;FALSE;0;ZN503;Zinc finger protein 503;;;;;;
Q96HY7;DHTKD1;-1.06;8.90E-06;6.41E-05;TRUE;TRUE;FALSE;0;DHTK1;2-oxoadipate dehydrogenase complex component E1;;;;;;
Q96JY6;PDLIM2;-1.24;0.00163;0.00595;TRUE;TRUE;FALSE;0;PDLI2;PDZ and LIM domain protein 2;;;;;;
Q96K21;ZFYVE19;1.18;2.31E-11;8.11E-10;TRUE;TRUE;FALSE;0;ANCHR;Abscission/NoCut checkpoint regulator;;;;;;
Q96KR6;FAM210B;1.02;0.000478;0.00206;TRUE;TRUE;TRUE;3;F210B;Protein FAM210B, mitochondrial;;;;;;
Q96LD4;TRIM47;1.05;2.75E-08;3.76E-07;TRUE;TRUE;FALSE;0;TRI47;E3 ubiquitin-protein ligase TRIM47;;;;;;
Q96N03;VSTM2L;-1.09;0.000128;0.00066;TRUE;TRUE;TRUE;7;VTM2L;V-set and transmembrane domain-containing protein 2-like protein;;;;;;
Q96NT5;SLC46A1;-1.06;0.000125;0.000649;TRUE;TRUE;TRUE;9;PCFT;Proton-coupled folate transporter;;;;;;
Q96QD8;SLC38A2;1.5;4.40E-07;4.54E-06;TRUE;TRUE;FALSE;0;S38A2;Sodium-coupled neutral amino acid symporter 2;;;;;;
Q96S99;PLEKHF1;-1.07;6.83E-05;0.000384;TRUE;TRUE;TRUE;2;PKHF1;Pleckstrin homology domain-containing family F member 1;;;;;;
Q96TC7;RMDN3;1.26;2.21E-11;7.85E-10;TRUE;TRUE;FALSE;0;RMD3;Regulator of microtubule dynamics protein 3;;;;;;
Q99523;SORT1;-1.21;1.06E-11;4.22E-10;TRUE;TRUE;FALSE;0;SORT;Sortilin;;;;;;
Q99640;PKMYT1;-1.13;0.00102;0.00398;TRUE;TRUE;TRUE;8;PMYT1;Membrane-associated tyrosine- and threonine-specific cdc2-inhibitory kinase;;;;;;
Q99685;MGLL;1.08;1.52E-08;2.27E-07;TRUE;TRUE;FALSE;0;MGLL;Monoglyceride lipase;;;;;;
Q99700;ATXN2;1.15;2.47E-14;2.71E-12;TRUE;TRUE;FALSE;0;ATX2;Ataxin-2;;;;;;
Q9BRG2;SH2D3A;-1.08;7.13E-09;1.16E-07;TRUE;TRUE;TRUE;2;SH23A;SH2 domain-containing protein 3A;;;;;;
Q9BS40;LXN;-1.58;6.14E-14;5.75E-12;TRUE;TRUE;FALSE;0;LXN;Latexin;;;;;;
Q9BT23;LIMD2;1.38;9.17E-05;0.000497;TRUE;TRUE;TRUE;1;LIMD2;LIM domain-containing protein 2;;;;;;
Q9BUF7;CRB3;-2.52;6.33E-12;2.70E-10;TRUE;TRUE;TRUE;11;CRUM3;Protein crumbs homolog 3;;;;;;
Q9BV23;ABHD6;1.45;0.000527;0.00224;TRUE;TRUE;TRUE;5;ABHD6;Monoacylglycerol lipase ABHD6;;;;;;
Q9BW04;SARG;-1.54;1.04E-16;2.77E-14;TRUE;TRUE;FALSE;0;SARG;Specifically androgen-regulated gene protein;;;;;;
Q9BXJ8;TMEM120A;1.04;8.17E-07;7.67E-06;TRUE;TRUE;FALSE;0;TACAN;Ion channel TACAN;;;;;;
Q9BXP2;SLC12A9;1.19;0.00366;0.0118;TRUE;TRUE;TRUE;1;S12A9;Solute carrier family 12 member 9;;;;;;
Q9BZF3;OSBPL6;1.51;0.000206;0.000997;TRUE;TRUE;TRUE;4;OSBL6;Oxysterol-binding protein-related protein 6;;;;;;
Q9C002;NMES1;-1.13;0.00042;0.00184;TRUE;TRUE;TRUE;8;NMES1;Normal mucosa of esophagus-specific gene 1 protein;;;;;;
Q9C004;SPRY4;2;4.50E-12;2.02E-10;TRUE;TRUE;FALSE;0;SPY4;Protein sprouty homolog 4;;;;;;
Q9C0J9;BHLHE41;-1.4;0.000131;0.000677;TRUE;TRUE;TRUE;14;BHE41;Class E basic helix-loop-helix protein 41;;;;;;
Q9GZY8;MFF;1.09;4.78E-05;0.000282;TRUE;TRUE;FALSE;0;MFF;Mitochondrial fission factor;;;;;;
Q9H1E5;TMX4;1.17;4.48E-11;1.43E-09;TRUE;TRUE;FALSE;0;TMX4;Thioredoxin-related transmembrane protein 4;;;;;;
Q9H299;SH3BGRL3;1.09;0.00319;0.0105;TRUE;TRUE;FALSE;0;SH3L3;SH3 domain-binding glutamic acid-rich-like protein 3;;;;;;
Q9H3Y8;PPDPF;1.39;1.06E-09;2.37E-08;TRUE;TRUE;FALSE;0;PPDPF;Pancreatic progenitor cell differentiation and proliferation factor;;;;;;
Q9H694;BICC1;-1.01;9.15E-11;2.70E-09;TRUE;TRUE;FALSE;0;BICC1;Protein bicaudal C homolog 1;;;;;;
Q9H6U6;BCAS3;1.31;3.64E-05;0.000222;TRUE;TRUE;TRUE;4;BCAS3;BCAS3 microtubule associated cell migration factor;;;;;;
Q9HAC8;UBTD1;1.02;0.000904;0.0036;TRUE;TRUE;TRUE;4;UBTD1;Ubiquitin domain-containing protein 1;;;;;;
Q9HBL7;PLGRKT;-1.89;0.000334;0.0015;TRUE;TRUE;TRUE;6;PLRKT;Plasminogen receptor (KT);;;;;;
Q9HCG7;GBA2;1.91;1.61E-10;4.62E-09;TRUE;TRUE;FALSE;0;GBA2;Non-lysosomal glucosylceramidase;;;;;;
Q9HCJ3;RAVER2;-1.13;0.000382;0.0017;TRUE;TRUE;TRUE;4;RAVR2;Ribonucleoprotein PTB-binding 2;;;;;;
Q9HCY8;S100A14;-4.72;9.46E-26;2.90E-22;TRUE;TRUE;FALSE;0;S10AE;Protein S100-A14;;;;;;
Q9NRD1;FBXO6;1.23;0.0107;0.0293;TRUE;TRUE;TRUE;10;FBX6;F-box only protein 6;;;;;;
Q9NRZ7;AGPAT3;1.48;0.000727;0.00298;TRUE;TRUE;TRUE;5;PLCC;1-acyl-sn-glycerol-3-phosphate acyltransferase gamma;;;;;;
Q9NUT2;ABCB8;-1.28;1.64E-07;1.88E-06;TRUE;TRUE;TRUE;4;MITOS;Mitochondrial potassium channel ATP-binding subunit;;;;;;
Q9NVG8;TBC1D13;1.05;1.44E-06;1.28E-05;TRUE;TRUE;FALSE;0;TBC13;TBC1 domain family member 13;;;;;;
Q9NZ45;CISD1;1.04;2.00E-11;7.30E-10;TRUE;TRUE;FALSE;0;CISD1;CDGSH iron-sulfur domain-containing protein 1;;;;;;
Q9NZU5;LMCD1;-2.17;2.74E-09;5.28E-08;TRUE;TRUE;TRUE;7;LMCD1;LIM and cysteine-rich domains protein 1;;;;;;
Q9P003;CNIH4;1.17;0.0191;0.0479;TRUE;TRUE;TRUE;3;CNIH4;Protein cornichon homolog 4;;;;;;
Q9P232;CNTN3;1.05;1.13E-08;1.73E-07;TRUE;TRUE;FALSE;0;CNTN3;Contactin-3;;;;;;
Q9P2B2;PTGFRN;-1.73;5.13E-17;1.58E-14;TRUE;TRUE;FALSE;0;FPRP;Prostaglandin F2 receptor negative regulator;;;;;;
Q9P2K5;MYEF2;2.19;4.99E-07;5.06E-06;TRUE;TRUE;TRUE;7;MYEF2;Myelin expression factor 2;;;;;;
Q9P2M7;CGN;-1.94;2.64E-10;7.00E-09;TRUE;TRUE;TRUE;1;CING;Cingulin;;;;;;
Q9UBG0;MRC2;1.6;4.00E-05;0.000242;TRUE;TRUE;TRUE;1;MRC2;C-type mannose receptor 2;;;;;;
Q9UBP9;GULP1;1.34;9.77E-09;1.52E-07;TRUE;TRUE;TRUE;1;GULP1;PTB domain-containing engulfment adapter protein 1;;;;;;
Q9UD71;PPP1R1B;-2.97;3.56E-18;1.56E-15;TRUE;TRUE;FALSE;0;PPR1B;Protein phosphatase 1 regulatory subunit 1B;;;;;;
Q9UDT6;CLIP2;1.54;2.38E-13;1.62E-11;TRUE;TRUE;FALSE;0;CLIP2;CAP-Gly domain-containing linker protein 2;;;;;;
Q9UDY4;DNAJB4;-2.04;2.37E-07;2.57E-06;TRUE;TRUE;FALSE;0;DNJB4;DnaJ homolog subfamily B member 4;;;;;;
Q9UH62;ARMCX3;1.23;7.57E-15;9.89E-13;TRUE;TRUE;FALSE;0;ARMX3;Armadillo repeat-containing X-linked protein 3;;;;;;
Q9UHE8;STEAP1;-1.9;9.55E-10;2.18E-08;TRUE;TRUE;TRUE;3;STEA1;STEAP1 protein;;;;;;
Q9UHR4;BAIAP2L1;-1.3;2.60E-10;6.96E-09;TRUE;TRUE;FALSE;0;BI2L1;BAR/IMD domain-containing adapter protein 2-like 1;;;;;;
Q9UJC3;HOOK1;-1.17;1.50E-06;1.32E-05;TRUE;TRUE;FALSE;0;HOOK1;Protein Hook homolog 1;;;;;;
Q9UPQ0;LIMCH1;-1.6;2.96E-11;9.84E-10;TRUE;TRUE;TRUE;3;LIMC1;LIM and calponin homology domains-containing protein 1;;;;;;
Q9Y2A9;B3GNT3;-1.24;6.12E-07;5.92E-06;TRUE;TRUE;TRUE;9;B3GN3;N-acetyllactosaminide beta-1,3-N-acetylglucosaminyltransferase 3;;;;;;
Q9Y2J2;EPB41L3;2.4;6.99E-18;2.72E-15;TRUE;TRUE;FALSE;0;E41L3;Band 4.1-like protein 3;;;;;;
Q9Y365;STARD10;-1.19;0.000114;0.000596;TRUE;TRUE;FALSE;0;STA10;START domain-containing protein 10;;;;;;
Q9Y426;C2CD2;1.51;9.57E-10;2.18E-08;TRUE;TRUE;FALSE;0;C2CD2;C2 domain-containing protein 2;;;;;;
Q9Y4K1;CRYBG1;-1.08;2.96E-16;7.00E-14;TRUE;TRUE;FALSE;0;CRBG1;Beta/gamma crystallin domain-containing protein 1;;;;;;
Q9Y5V3;MAGED1;1.71;2.60E-14;2.80E-12;TRUE;TRUE;FALSE;0;MAGD1;Melanoma-associated antigen D1;;;;;;
Q9Y5Y6;ST14;-3.28;9.80E-20;6.68E-17;TRUE;TRUE;TRUE;6;ST14;Suppressor of tumorigenicity 14 protein;;;;;;
Q9Y624;F11R;-1.17;9.08E-05;0.000493;TRUE;TRUE;FALSE;0;JAM1;Junctional adhesion molecule A;;;;;;
Q9Y6K0;CEPT1;-1.6;5.33E-05;0.000312;TRUE;TRUE;FALSE;0;CEPT1;Choline/ethanolaminephosphotransferase 1;;;;;;
Q9Y6Q5;AP1M2;-3.09;6.93E-12;2.93E-10;TRUE;TRUE;TRUE;10;AP1M2;AP-1 complex subunit mu-2;;;;;;